CustomerID,CustomerName,Email,TransactionDate,ProductCategory,Quantity,Price,SalesAmount,Discount,StoreLocation,PaymentMethod,Profit,Status
CUST1,John,jane@example.com,2022-09-06,Groceries,2,22.647267590557767,1010.5330971980684,45.1693724554165,New York,Debit,374.4626515557066,Cleaned
CUST2,Bob,jane@example.com,2022-01-18,FURNITURE,4,453.3615595385437,3923.318345758943,46.04719160906616,Los Angeles,Credit,781.6816440613611,Cleaned
CUST3,Jane,invalid_email,2024-07-19,Groceries,10,494.7216610242383,2499.434095654249,31.41594733013773,Los Angeles,Online,537.3577793734522,Cleaned
CUST4,Alice,alice@example.com,2024-03-06,Furniture,5,74.13428557693071,1953.6891261965177,22.43858546922465,Chicago,Online,656.3114180301077,Cleaned
CUST5,Bob,invalid_email,2024-08-16,FURNITURE,3,419.1211978485445,3012.5331074615538,20.16461269003492,Los Angeles,Online,957.1389521051296,Cleaned
CUST9,Bob,alice@example.com,2024-01-23,FURNITURE,5,466.2121603862593,3990.4794162143057,39.00349061328703,Los Angeles,Cash,317.42596517817134,Cleaned
CUST11,Alice,alice@example.com,2024-07-12,Groceries,3,161.05935287342786,130.61655868276455,21.84396007602593,New York,Credit,58.08941869558643,Cleaned
CUST12,Chris,invalid_email,2022-10-29,FURNITURE,1,250.7006791526726,2430.1314797991886,3.8821420617105753,San Francisco,Online,383.2616869650783,Cleaned
CUST13,Chris,john@example.com,2023-12-20,Electronics,-1,439.30254576390286,4489.312013069852,23.957193825572325,New York,Cash,165.61332004484294,Cleaned
CUST14,Chris,alice@example.com,2023-06-14,FURNITURE,10,281.4735064503642,4522.1805148007725,0.4974001647893467,Los Angeles,Online,390.125080121628,Cleaned
CUST15,Tom,invalid_email,2024-08-16,Furniture,4,38.36339968316029,4147.875639267286,36.87393161109466,San Francisco,Debit,621.1630143818858,Cleaned
CUST17,Tom,invalid_email,2024-01-16,Groceries,-1,416.44985253123815,4206.507558932127,26.952028786099447,New York,Debit,609.1227752563573,Cleaned
CUST18,Jane,john@example.com,2022-12-22,FURNITURE,2,171.5357983933309,407.72932126714255,39.90298867456121,Houston,Debit,459.581634490565,Cleaned
CUST19,Jane,invalid_email,2022-08-19,Furniture,5,331.0146218330755,4145.47299961847,19.936169793460778,New York,Online,512.2036516697701,Cleaned
CUST20,Alice,alice@example.com,2022-02-23,Groceries,2,180.52014237097495,3724.2314672610623,33.45112302414292,Los Angeles,Credit,154.3047543852602,Cleaned
CUST21,John,john@example.com,2022-10-02,electronic,2,54.49596343116194,2341.5941472508694,44.24083624700288,San Francisco,Credit,900.9875277313266,Cleaned
CUST23,Alice,alice@example.com,2023-10-11,Groceries,4,95.42292771874564,2436.945200442613,5.357128850714721,Chicago,Debit,46.360517351023255,Cleaned
CUST24,Chris,john@example.com,2022-12-18,Groceries,3,273.3398535146537,4740.916679862813,28.42378858566692,Houston,Credit,646.0031664808157,Cleaned
CUST26,Chris,invalid_email,2022-06-12,Furniture,2,217.47404319960643,2362.2593452467368,5.901402453384325,San Francisco,Credit,237.3502999227324,Cleaned
CUST27,John,john@example.com,2023-01-30,FURNITURE,2,155.88632266074913,990.1134869830672,1.6720215569563268,Chicago,Online,712.2355054555655,Cleaned
CUST29,Tom,invalid_email,2022-02-15,electronic,-1,306.7129039042042,3135.886211516536,29.024554717132677,Chicago,Credit,976.666624897751,Cleaned
CUST30,Tom,invalid_email,2024-08-09,FURNITURE,-1,287.6071668082427,1159.2848205695886,32.029267449070446,Houston,Online,383.20071692378485,Cleaned
CUST31,Jane,alice@example.com,2022-05-05,electronic,4,142.54405363758653,747.5139172632232,11.56356862667914,New York,Cash,868.1471126954964,Cleaned
CUST32,Chris,alice@example.com,2024-06-24,Groceries,10,439.9657875250402,1101.612072853545,32.80538118921375,Los Angeles,Cash,39.953991281556334,Cleaned
CUST33,Tom,invalid_email,2023-09-04,Furniture,5,200.78775270867715,3713.371012440892,31.30433924322945,Chicago,Debit,726.7922728755506,Cleaned
CUST34,Alice,john@example.com,2024-04-07,Electronics,3,495.9761651942092,1534.2194419760765,37.21059566472924,New York,Credit,310.8408006497912,Cleaned
CUST35,Bob,jane@example.com,2022-10-19,Furniture,4,372.5186911417284,1924.8379404518084,14.6549746979684,Chicago,Credit,135.67784019584937,Cleaned
CUST36,Chris,alice@example.com,2023-02-20,Groceries,5,114.2527701266268,4175.330697151955,31.99720132217594,San Francisco,Cash,65.46152120218679,Cleaned
CUST38,John,invalid_email,2024-08-14,FURNITURE,-1,151.60414629191146,1453.454755038825,17.805892675480955,Los Angeles,Credit,491.0931869079613,Cleaned
CUST39,Bob,jane@example.com,2024-03-11,Electronics,1,459.6005169274574,1194.4506607726464,19.59912166135073,New York,Cash,957.6193285674626,Cleaned
CUST40,John,jane@example.com,2023-04-05,Electronics,1,240.92105149910532,154.43303638788092,28.97577795881057,Chicago,Online,108.78498352056404,Cleaned
CUST42,John,alice@example.com,2023-09-12,Groceries,2,64.02435594567719,156.48913198421027,26.72159849740301,New York,Credit,331.16624058917364,Cleaned
CUST43,Alice,john@example.com,2024-04-11,Electronics,3,206.55852836976703,-500.0,39.46826592508742,New York,Cash,634.6423055257769,Cleaned
CUST44,Alice,john@example.com,2024-06-27,Electronics,1,165.09722277623703,887.3543820158362,43.65580730784898,San Francisco,Online,867.1881126441361,Cleaned
CUST45,John,john@example.com,2024-04-13,FURNITURE,1,187.29031359779225,4948.8902987503525,4.30208918944407,Chicago,Cash,254.24402352237084,Cleaned
CUST46,Alice,invalid_email,2022-11-12,Electronics,10,183.61636159362564,778.7867976314858,10.639670560259455,Chicago,Online,161.08675234152955,Cleaned
CUST47,Tom,jane@example.com,2022-08-01,FURNITURE,4,450.9741252233778,689.0646753338993,35.05243996860634,New York,Debit,833.4057895457279,Cleaned
CUST48,Chris,alice@example.com,2022-07-10,Groceries,-1,235.39477322192064,892.139768253806,9.359542264662052,Houston,Credit,613.0130251600212,Cleaned
CUST50,Chris,invalid_email,2024-02-15,Groceries,5,215.68319387258143,3327.634568498647,42.64925374989189,Chicago,Debit,269.0182010769588,Cleaned
CUST52,Jane,alice@example.com,2022-01-01,Groceries,-1,235.62334065560765,2491.2722391026787,26.264102066396845,New York,Cash,838.1444179955291,Cleaned
CUST53,Jane,alice@example.com,2022-06-21,Furniture,4,394.2081930882133,2161.337578184929,13.863613686410286,San Francisco,Cash,486.312638864021,Cleaned
CUST54,Jane,jane@example.com,2022-11-06,Furniture,-1,194.392270798864,1970.224424560339,36.27524539105819,New York,Online,780.3051818164555,Cleaned
CUST55,Jane,alice@example.com,2023-06-19,Groceries,2,47.49467066787054,841.0379003679391,7.554865562936669,Chicago,Online,60.360965407807846,Cleaned
CUST57,Alice,john@example.com,2023-10-25,FURNITURE,3,118.92483189856294,4903.3480913321655,20.356608839474895,Houston,Credit,934.781916309797,Cleaned
CUST58,Alice,john@example.com,2021-12-27,Electronics,3,142.0515546289798,4417.636755793977,1.411934624796246,New York,Online,230.5778642571896,Cleaned
CUST59,John,alice@example.com,2024-02-26,electronic,3,65.1413130643174,2515.5040180730443,30.032602738528126,Los Angeles,Online,685.8591469291455,Cleaned
CUST60,Tom,jane@example.com,2023-07-13,Electronics,2,81.90796872472644,4316.716333993677,18.45050400931573,Chicago,Debit,282.4479813180129,Cleaned
CUST62,Chris,jane@example.com,2022-02-19,FURNITURE,4,346.5094753417942,2909.606940870025,31.613739094941955,Chicago,Cash,714.8343250292507,Cleaned
CUST63,John,john@example.com,2024-09-03,electronic,3,20.35540437446669,2823.348547251159,0.976544398674134,Los Angeles,Debit,638.9311812034746,Cleaned
CUST64,Tom,invalid_email,2023-09-03,Groceries,3,200.1255490635409,1295.0539178682295,7.546787961168594,Chicago,Debit,472.2774544319864,Cleaned
CUST66,Chris,alice@example.com,2022-09-21,Groceries,5,250.4924912233786,3699.788057784687,34.15657676530709,San Francisco,Online,456.27293894250965,Cleaned
CUST67,John,invalid_email,2022-10-23,electronic,2,187.95830908297225,3150.463688797593,2.483145784572005,San Francisco,Debit,153.5849594484328,Cleaned
CUST69,Chris,john@example.com,2022-10-27,Electronics,4,268.1547233721666,4189.785721038071,22.88990674885849,San Francisco,Debit,81.73270328123711,Cleaned
CUST70,John,john@example.com,2024-08-10,Furniture,10,49.12989803187367,3407.87429525496,9.681074290637886,Los Angeles,Cash,258.2637753824474,Cleaned
CUST71,Bob,alice@example.com,2023-01-05,FURNITURE,5,131.6132071355817,4781.818908640603,21.420111592113365,New York,Debit,865.0241212728394,Cleaned
CUST72,Tom,alice@example.com,2023-03-20,Groceries,-1,84.41465618642118,208.06478062434343,41.212878646003965,Chicago,Cash,536.6921708477753,Cleaned
CUST74,Alice,invalid_email,2024-04-23,FURNITURE,1,88.50408150569531,4846.317685580148,37.28167923547881,Chicago,Cash,861.9745323126466,Cleaned
CUST75,Alice,alice@example.com,2022-06-19,Electronics,3,59.18912778719616,1698.2827253517785,29.177144556649985,Houston,Debit,960.8038480805678,Cleaned
CUST78,Jane,invalid_email,2024-04-20,Furniture,1,248.78633677034784,1833.4913269398264,38.929070195528645,Chicago,Debit,347.2364548383635,Cleaned
CUST79,Jane,john@example.com,2023-02-08,Furniture,4,100.3514443863076,3599.3256669784314,36.23502229680595,New York,Credit,213.03474153988608,Cleaned
CUST82,Tom,invalid_email,2022-06-09,Furniture,5,56.57871772395232,3855.4511959207057,19.97231537820867,Houston,Online,756.5362732741136,Cleaned
CUST84,Tom,alice@example.com,2024-05-24,Furniture,10,295.70957137594536,2126.0203322830903,5.431101588165854,New York,Debit,456.7955037717553,Cleaned
CUST85,Tom,john@example.com,2022-03-29,Electronics,2,467.6687841829952,368.066999571036,12.204899264673736,Houston,Credit,483.47143930441007,Cleaned
CUST86,Tom,john@example.com,2023-02-20,electronic,2,132.82424855648463,904.941896403881,0.2869422670497001,New York,Credit,703.7106364416009,Cleaned
CUST87,Bob,invalid_email,2022-05-16,Electronics,2,403.3127059044739,2027.2469387565743,33.19551526106457,Chicago,Credit,621.2777019726989,Cleaned
CUST88,Chris,alice@example.com,2023-03-06,Groceries,2,387.8105381380833,3526.796643409402,10.853220510923403,New York,Cash,343.13024759871035,Cleaned
CUST89,Jane,jane@example.com,2023-02-27,Electronics,4,296.56677120794274,3798.280675025957,22.0476890550245,Chicago,Online,469.3019402179913,Cleaned
CUST91,Chris,jane@example.com,2024-08-04,FURNITURE,2,89.14837005870446,3881.709689971576,34.170009747934735,San Francisco,Credit,490.0658916916901,Cleaned
CUST92,John,jane@example.com,2023-10-27,electronic,5,76.62570475009035,1025.1001325901764,38.0552709903517,Chicago,Debit,173.592852563663,Cleaned
CUST93,John,jane@example.com,2024-04-18,Furniture,3,36.39749226426764,58.88866068893751,44.97972894400202,Chicago,Cash,502.3152639489564,Cleaned
CUST94,John,alice@example.com,2024-01-09,Groceries,4,357.0334334873322,-500.0,20.81364115288377,Los Angeles,Credit,381.4997987747766,Cleaned
CUST96,John,john@example.com,2024-02-22,FURNITURE,10,194.83611520080197,4482.128415515058,38.92126661829567,San Francisco,Debit,631.4812702912957,Cleaned
CUST98,Tom,john@example.com,2023-05-06,Electronics,4,133.40304140824844,1895.614447962523,37.092789554189416,Chicago,Credit,824.119452518634,Cleaned
CUST101,Alice,invalid_email,2023-03-04,Furniture,3,219.57169279944557,3812.233451762803,11.453736915272176,Los Angeles,Credit,387.09764608292113,Cleaned
CUST102,Jane,invalid_email,2023-09-04,Furniture,5,46.44423941491276,3121.0632748879707,35.13894377681967,Houston,Credit,27.409537482549897,Cleaned
CUST105,John,jane@example.com,2023-03-14,Groceries,-1,468.4758904160265,216.20132543447667,49.27466696933968,Chicago,Online,384.263515501444,Cleaned
CUST106,John,alice@example.com,2023-02-10,FURNITURE,3,261.2809908912612,3156.812102057184,45.841702466303566,Chicago,Debit,502.5318641634289,Cleaned
CUST109,Alice,jane@example.com,2022-05-10,Electronics,2,421.1737006536156,4807.271717849809,38.68421627144095,New York,Online,647.4585076652363,Cleaned
CUST111,Jane,john@example.com,2022-08-20,Groceries,-1,324.26192014542085,3236.1735742749684,35.11005034384564,San Francisco,Online,87.73776070357884,Cleaned
CUST114,Bob,john@example.com,2024-07-29,FURNITURE,2,435.0375987774504,1706.5938147428176,46.19720300379167,Los Angeles,Credit,270.9974260666801,Cleaned
CUST116,Bob,invalid_email,2024-02-22,electronic,4,209.95943991069413,4011.796341734345,39.73438435722961,San Francisco,Credit,871.6921636931328,Cleaned
CUST118,Jane,jane@example.com,2022-02-23,FURNITURE,1,168.92435823338084,2780.2229524228637,21.726489594237915,Chicago,Online,91.223472309305,Cleaned
CUST119,Chris,jane@example.com,2024-06-16,FURNITURE,5,486.0661068068529,166.60031383690443,49.891906148507495,Chicago,Cash,600.8043579640807,Cleaned
CUST120,Tom,alice@example.com,2023-04-10,electronic,2,284.4844528734057,3484.4585773544645,29.82476701707093,New York,Credit,916.0718978329264,Cleaned
CUST121,Tom,jane@example.com,2022-03-26,Electronics,3,418.5707936711815,4357.500407702935,19.405564553376188,Houston,Credit,408.4269255609943,Cleaned
CUST124,Chris,john@example.com,2023-08-29,Groceries,1,323.3422368911724,2973.906698161423,41.91327238988306,Los Angeles,Online,92.7503465509566,Cleaned
CUST125,Bob,invalid_email,2024-09-03,electronic,-1,171.88260886050207,3276.5088485493457,2.556307848105183,Chicago,Credit,829.5197955672031,Cleaned
CUST127,John,alice@example.com,2022-11-26,electronic,5,415.0722186304402,3127.174848361104,43.26569340381958,New York,Debit,282.3276758967278,Cleaned
CUST128,Chris,invalid_email,2022-06-27,electronic,2,344.84782266171715,736.2717401442237,10.850351795273822,San Francisco,Debit,21.99284134185722,Cleaned
CUST130,Jane,alice@example.com,2022-12-24,Electronics,2,144.91458943891496,4155.584578366291,25.827389887466307,Chicago,Credit,134.79229486662382,Cleaned
CUST131,John,john@example.com,2022-10-20,electronic,2,163.41305687696436,4792.46586559793,14.516709810820322,San Francisco,Debit,730.7261137849274,Cleaned
CUST132,Alice,alice@example.com,2022-03-28,Groceries,5,247.64691771981097,3774.4959129987897,41.85601975443699,New York,Credit,329.5163989906049,Cleaned
CUST133,Bob,invalid_email,2022-10-25,electronic,5,319.84774778434235,3683.720750503743,10.106225158771348,Houston,Debit,52.98554418245052,Cleaned
CUST138,Alice,jane@example.com,2024-04-15,Electronics,4,486.3163843547815,4104.673090803426,14.737165485681423,San Francisco,Online,448.6804667267349,Cleaned
CUST139,Bob,jane@example.com,2023-03-05,Electronics,10,113.96575179518818,3423.7654501350275,33.47108891760148,San Francisco,Credit,875.8395947661915,Cleaned
CUST140,Tom,invalid_email,2023-05-15,electronic,4,70.33334768194149,3021.190947677717,46.78222878697595,New York,Cash,708.0916544274963,Cleaned
CUST141,Chris,john@example.com,2023-07-24,Furniture,1,366.2793157550609,2192.7512353344964,21.620688177605413,New York,Credit,543.5216554891439,Cleaned
CUST142,Chris,john@example.com,2023-03-31,Groceries,10,75.51732090555035,624.6529123717239,10.605653037652456,San Francisco,Online,620.2841234095164,Cleaned
CUST144,Alice,john@example.com,2023-07-05,Groceries,10,169.68945310162047,4461.645518447847,6.147760089813764,Houston,Cash,798.0697182680242,Cleaned
CUST145,John,jane@example.com,2022-03-07,Furniture,4,368.6138732770266,1884.5157434034795,30.249285599775984,Houston,Credit,195.3049990739952,Cleaned
CUST146,Jane,jane@example.com,2022-12-17,Furniture,3,240.0440979668544,1102.022681699262,36.334213661179646,Chicago,Online,526.3666260266785,Cleaned
CUST147,Chris,jane@example.com,2022-06-18,Groceries,5,490.116019394424,773.7843145896811,37.818702699418026,Chicago,Online,53.39844862632432,Cleaned
CUST148,Chris,invalid_email,2023-10-11,Groceries,4,246.89787446890384,754.5201266995513,22.104941830736603,San Francisco,Cash,367.46718548765256,Cleaned
CUST149,Bob,jane@example.com,2023-05-24,Furniture,10,5.937924996649654,2452.898615811316,31.03603125342564,San Francisco,Online,720.5383724994768,Cleaned
CUST150,Chris,invalid_email,2022-09-27,Electronics,2,394.63981040893634,1710.6461160067215,36.619716658495165,Chicago,Cash,810.0425196295519,Cleaned
CUST151,Bob,jane@example.com,2022-06-10,electronic,3,256.494113014871,2593.2280652878467,36.24951231143183,Houston,Debit,270.00103117269737,Cleaned
CUST152,Tom,alice@example.com,2023-07-21,FURNITURE,2,144.29148707843356,4189.326147626468,28.90323910039603,New York,Debit,639.6214219555407,Cleaned
CUST153,Jane,jane@example.com,2021-12-10,Furniture,5,348.64575077780364,750.0092266183274,13.122113014981156,Chicago,Debit,234.48747173223668,Cleaned
CUST156,Jane,alice@example.com,2022-04-07,Groceries,1,221.79639099017996,731.5928632040009,44.92672961125188,Houston,Debit,889.9849123706266,Cleaned
CUST158,Jane,alice@example.com,2022-05-29,Groceries,10,365.785433207198,3929.81508851978,48.860334520999785,Chicago,Cash,54.58034974774844,Cleaned
CUST159,Alice,jane@example.com,2024-07-29,Groceries,10,178.08592547489235,619.0331360685215,1.163786490062152,New York,Credit,902.3312814377744,Cleaned
CUST160,Tom,alice@example.com,2024-06-01,Groceries,4,335.85793023801153,2885.498585678207,49.85750378670526,New York,Cash,525.6148516040727,Cleaned
CUST161,Chris,invalid_email,2024-07-08,FURNITURE,10,176.38468601848518,1977.8508895552857,44.371222514121214,Houston,Credit,894.6903372456012,Cleaned
CUST162,Jane,alice@example.com,2023-04-20,Furniture,3,331.9392220690001,3280.7128337580984,27.02976085026209,New York,Credit,17.474690468665557,Cleaned
CUST163,Jane,alice@example.com,2022-08-25,Electronics,2,13.207893246598337,267.11155124319987,47.52820342702486,Chicago,Debit,450.4683871490899,Cleaned
CUST164,Alice,alice@example.com,2023-12-21,Groceries,4,494.4472013045588,1523.4769016222913,34.68701124229368,San Francisco,Online,853.9341427414126,Cleaned
CUST165,Chris,john@example.com,2024-02-06,Furniture,4,247.11812101932657,2537.059845301253,32.40266034293802,Los Angeles,Online,637.3426474378398,Cleaned
CUST166,Chris,john@example.com,2021-12-30,FURNITURE,10,266.23346602573946,3296.358636935488,43.605914138178136,Houston,Debit,947.0066432209492,Cleaned
CUST167,Chris,invalid_email,2021-12-29,Electronics,5,281.3707514090541,-500.0,3.0462150964063683,Los Angeles,Credit,401.128527344124,Cleaned
CUST168,Tom,john@example.com,2024-06-20,electronic,5,185.88786359714567,1641.2778253941492,30.125141984877924,Chicago,Credit,883.6401446531962,Cleaned
CUST169,Bob,alice@example.com,2023-01-02,Electronics,-1,97.83634265336222,3721.1316229426234,20.53525679267344,San Francisco,Credit,920.7515467438908,Cleaned
CUST170,Jane,alice@example.com,2024-08-24,Electronics,1,104.5742553177212,4863.163138499463,31.17943795812233,San Francisco,Credit,819.4886602392423,Cleaned
CUST171,Bob,invalid_email,2023-06-06,Electronics,10,151.4291658776276,224.99259425955952,1.6413277326562392,New York,Online,68.03015472651373,Cleaned
CUST172,Alice,alice@example.com,2023-09-09,FURNITURE,3,433.31455703258166,2957.531460610789,31.20853168304845,Houston,Credit,305.3967845329542,Cleaned
CUST173,Bob,invalid_email,2024-03-04,Furniture,10,23.550248071757984,4002.63666046924,14.371507712332454,Chicago,Online,523.9992137345788,Cleaned
CUST175,Chris,john@example.com,2022-06-18,Groceries,10,473.0371835199391,1450.0304226979729,37.96944013751873,Chicago,Debit,138.0853276806373,Cleaned
CUST176,Tom,john@example.com,2022-12-01,FURNITURE,1,50.08527253747048,1666.6572890998036,36.48939776744128,New York,Online,144.56278385052184,Cleaned
CUST177,John,john@example.com,2022-06-20,electronic,3,75.20903104161454,4062.865075257827,2.960793380824484,New York,Online,566.9519783784102,Cleaned
CUST178,John,john@example.com,2024-07-08,electronic,10,55.79793812870461,2517.150602389585,10.539418959118334,Houston,Cash,621.3878166981103,Cleaned
CUST179,John,john@example.com,2022-07-18,Furniture,10,172.93632937509784,1407.5881218723373,30.068528621718364,San Francisco,Cash,69.34826796881174,Cleaned
CUST180,John,alice@example.com,2024-03-23,FURNITURE,10,358.41301897695,1977.804277973268,7.709812355967404,New York,Credit,592.6387119674911,Cleaned
CUST181,Tom,john@example.com,2021-12-21,FURNITURE,3,398.70414968732,3621.8755782958974,17.946665905717808,Houston,Cash,915.5313377236746,Cleaned
CUST182,Chris,invalid_email,2024-03-15,Furniture,-1,227.31962999658091,4748.849642066044,32.51435295584086,New York,Cash,67.81823561375398,Cleaned
CUST183,Bob,john@example.com,2023-09-09,Electronics,2,88.13436225509662,4588.909771359498,39.67470100957535,Los Angeles,Cash,686.7023812671243,Cleaned
CUST185,Bob,invalid_email,2023-11-20,electronic,5,424.0244202469512,975.85107618963,30.724672570660555,Chicago,Debit,512.0615825176637,Cleaned
CUST186,John,invalid_email,2024-07-03,Electronics,3,41.383590728772845,414.3582473348656,24.957779695170103,Houston,Cash,710.7246120163963,Cleaned
CUST187,Chris,jane@example.com,2024-05-15,Furniture,-1,68.67609254172748,1845.2799602208447,9.6898869674285,San Francisco,Credit,783.3349312993804,Cleaned
CUST189,Alice,alice@example.com,2023-07-07,Groceries,5,288.9626602799788,-500.0,30.42194191290116,Los Angeles,Cash,234.7051693802011,Cleaned
CUST190,Chris,john@example.com,2024-04-26,FURNITURE,5,52.010363850949325,1098.836969503268,19.705109688983963,New York,Online,829.2392905967886,Cleaned
CUST191,Bob,jane@example.com,2023-10-15,FURNITURE,2,300.7554464021055,4252.055365812017,41.06166795699552,Los Angeles,Credit,160.02939513405587,Cleaned
CUST192,Bob,john@example.com,2023-03-02,electronic,5,162.43880270528464,-500.0,35.52844603704239,Chicago,Debit,571.3279690253057,Cleaned
CUST193,Alice,invalid_email,2022-05-13,Groceries,1,117.49684479199216,4686.711873222754,1.740537001278758,Los Angeles,Debit,978.1284067205625,Cleaned
CUST194,Alice,alice@example.com,2023-01-03,Groceries,2,254.4705943841447,1164.551561408497,23.989379250581056,Chicago,Credit,401.5380703540794,Cleaned
CUST196,John,invalid_email,2024-07-15,Furniture,1,237.82061915519847,4642.884961093753,31.07529227846723,New York,Cash,85.10341016063562,Cleaned
CUST198,Alice,john@example.com,2022-06-30,electronic,3,407.8497622202042,1331.8593362960694,21.87286810504273,San Francisco,Debit,881.401596118788,Cleaned
CUST199,Alice,invalid_email,2023-01-26,Groceries,4,230.5524982067167,491.16258563484286,43.7016782923769,New York,Cash,900.1242670383876,Cleaned
